Source,Target,PathLength
柳叶熙,User_386410080,1
柳叶熙,User_7359933,1
柳叶熙,User_490991064,1
柳叶熙,User_21644012,1
柳叶熙,User_265752415,1
柳叶熙,User_170902327,1
柳叶熙,User_294008335,1
柳叶熙,User_15728349,1
柳叶熙,User_1141159409,1
柳叶熙,User_420711310,1
柳叶熙,User_19804904,1
柳叶熙,User_8762123,1
柳叶熙,User_627421244,1
柳叶熙,User_114505752,1
柳叶熙,User_559988104,1
柳叶熙,User_490085742,1
柳叶熙,User_1094474104,1
柳叶熙,User_297573660,1
柳叶熙,User_475774687,1
柳叶熙,User_341601693,1
柳叶熙,User_3493292916345345,1
柳叶熙,User_279332185,1
柳叶熙,User_436130853,1
柳叶熙,User_196120174,1
柳叶熙,User_85497609,1
柳叶熙,User_191360988,1
柳叶熙,User_30933994,1
柳叶熙,User_44531807,1
柳叶熙,User_521861315,1
柳叶熙,User_260099046,1
柳叶熙,User_381583010,1
柳叶熙,User_399763930,1
柳叶熙,User_255462498,1
柳叶熙,User_287957279,1
柳叶熙,User_131668817,1
柳叶熙,User_260308884,1
柳叶熙,User_91406970,1
柳叶熙,User_499029512,1
柳叶熙,User_130092335,1
柳叶熙,User_225646837,1
柳叶熙,User_8217030,1
柳叶熙,User_28771167,1
柳叶熙,User_88188437,1
柳叶熙,User_440670612,1
柳叶熙,User_1230402281,1
柳叶熙,User_411471407,1
柳叶熙,User_1518677798,1
柳叶熙,User_281773743,1
柳叶熙,User_120325616,1
柳叶熙,User_385354596,1
柳叶熙,User_378984433,1
柳叶熙,User_426170834,1
柳叶熙,User_311784138,1
柳叶熙,User_274217988,1
柳叶熙,User_171307960,1
柳叶熙,User_503059574,1
柳叶熙,User_416774210,1
柳叶熙,User_22724642,1
柳叶熙,User_477702051,1
柳叶熙,User_303528578,1
柳叶熙,User_498941287,1
柳叶熙,User_454690212,1
柳叶熙,User_397563826,1
柳叶熙,User_319101138,1
柳叶熙,User_514072676,1
柳叶熙,User_1928690248,1
柳叶熙,User_22280303,1
柳叶熙,User_378481,1
柳叶熙,User_317142768,1
柳叶熙,User_56409104,1
柳叶熙,User_7917817,1
柳叶熙,User_3493077048100963,1
柳叶熙,User_3493282248132840,1
柳叶熙,User_137451992,1
柳叶熙,User_173574066,1
柳叶熙,User_270451985,1
柳叶熙,User_156457075,1
柳叶熙,User_98713919,1
柳叶熙,User_1641523106,1
柳叶熙,User_3361877,1
柳叶熙,User_10930770,1
柳叶熙,User_446678443,1
柳叶熙,User_20168908,1
柳叶熙,User_13304417,1
柳叶熙,User_470478910,1
柳叶熙,User_37683259,1
柳叶熙,User_13881553,1
柳叶熙,User_90239787,1
柳叶熙,User_210757,1
柳叶熙,User_432127491,1
柳叶熙,User_457867128,1
柳叶熙,User_243931076,1
柳叶熙,User_69833298,1
柳叶熙,User_407441198,1
柳叶熙,User_1127252803,1
柳叶熙,User_276044817,1
柳叶熙,User_1264758522,1
柳叶熙,User_27748182,1
柳叶熙,User_843925,1
柳叶熙,User_381682,1
柳叶熙,User_1952122,1
柳叶熙,User_109136968,1
柳叶熙,User_1649542,1
柳叶熙,User_325911389,1
柳叶熙,User_28922107,1
柳叶熙,User_407744282,1
柳叶熙,User_1949189341,1
柳叶熙,User_438589904,3
柳叶熙,User_38236622,3
柳叶熙,User_109630108,3
柳叶熙,User_141159755,3
柳叶熙,User_343552343,3
柳叶熙,User_23337199,3
柳叶熙,User_490110261,3
柳叶熙,User_1998547470,3
柳叶熙,User_1280183178,3
柳叶熙,User_166848154,3
柳叶熙,User_182006021,3
柳叶熙,User_156071992,3
柳叶熙,User_516158762,3
柳叶熙,User_97681235,3
柳叶熙,User_398790942,3
柳叶熙,User_667253065,3
柳叶熙,User_1545483810,3
柳叶熙,User_1217194674,3
柳叶熙,User_35062850,3
柳叶熙,User_30652187,3
柳叶熙,User_525143633,3
柳叶熙,User_509172126,3
柳叶熙,User_73704881,3
柳叶熙,User_436552191,3
柳叶熙,User_85261261,3
柳叶熙,User_105507940,3
柳叶熙,User_516051209,3
柳叶熙,User_13481048,3
柳叶熙,User_8846596,3
柳叶熙,User_242522921,3
柳叶熙,User_322968800,3
柳叶熙,User_7008053,3
柳叶熙,User_358502774,3
柳叶熙,User_587602,3
柳叶熙,User_174491046,3
柳叶熙,User_28756406,3
柳叶熙,User_474138008,3
柳叶熙,User_76950690,3
柳叶熙,User_165735394,3
柳叶熙,User_299310112,3
柳叶熙,User_34835862,3
柳叶熙,User_582165533,3
柳叶熙,User_69732477,3
柳叶熙,User_470099923,3
柳叶熙,User_382946122,3
柳叶熙,User_1582488849,3
柳叶熙,User_15244136,3
柳叶熙,User_321928869,3
柳叶熙,User_640930727,3
柳叶熙,User_1576159902,3
柳叶熙,User_3925604,3
柳叶熙,User_85307343,3
柳叶熙,User_27576102,3
柳叶熙,User_355844329,3
柳叶熙,User_11617702,3
柳叶熙,User_30204798,3
柳叶熙,User_5866623,3
柳叶熙,User_2013368099,3
柳叶熙,User_400671974,3
柳叶熙,User_231744752,3
柳叶熙,User_648709566,3
柳叶熙,User_434235882,3
柳叶熙,User_7048938,3
柳叶熙,User_3233390,3
柳叶熙,User_503757012,3
柳叶熙,User_241639681,3
柳叶熙,User_14470176,3
柳叶熙,User_168763598,3
柳叶熙,User_8913043,3
柳叶熙,User_36760673,3
柳叶熙,User_398336616,3
柳叶熙,User_470448426,3
柳叶熙,User_58043708,3
柳叶熙,User_8634805,3
柳叶熙,User_595504235,3
柳叶熙,User_379241001,3
柳叶熙,User_1722993,3
柳叶熙,User_16388383,3
柳叶熙,User_10854828,3
柳叶熙,User_385429159,3
柳叶熙,User_325135802,3
柳叶熙,User_400915705,3
柳叶熙,User_1812851789,3
柳叶熙,User_10835811,3
柳叶熙,User_49419992,3
柳叶熙,User_560351191,3
柳叶熙,User_1396900664,3
柳叶熙,User_93687256,3
柳叶熙,User_491514151,3
柳叶熙,User_2455912,3
柳叶熙,User_14850581,3
柳叶熙,User_337504513,3
柳叶熙,User_3766286,3
柳叶熙,User_383933314,3
柳叶熙,User_446932875,3
柳叶熙,User_164814886,3
柳叶熙,User_185525693,3
柳叶熙,User_403588428,3
柳叶熙,User_177996305,3
柳叶熙,User_429407663,3
柳叶熙,User_32280659,3
柳叶熙,User_169867570,3
柳叶熙,User_592672950,3
柳叶熙,User_3123367,3
柳叶熙,User_13486932,3
柳叶熙,User_43238541,3
柳叶熙,User_173597603,3
柳叶熙,User_642369242,3
柳叶熙,User_196790608,3
柳叶熙,User_282896914,3
柳叶熙,User_6971266,3
柳叶熙,User_521578087,3
柳叶熙,User_1497017037,3
柳叶熙,User_1958222589,3
柳叶熙,User_395985925,3
柳叶熙,User_51691076,3
柳叶熙,User_2061126180,3
柳叶熙,User_143436556,3
柳叶熙,User_206062264,3
柳叶熙,User_621532033,3
柳叶熙,User_4322111,3
柳叶熙,User_382358986,3
柳叶熙,User_365470698,3
柳叶熙,User_470930106,3
柳叶熙,User_2037327313,3
柳叶熙,User_544161893,3
柳叶熙,User_350062911,3
柳叶熙,User_102763026,3
柳叶熙,User_1599992,3
柳叶熙,User_152605976,3
柳叶熙,User_4296446,3
柳叶熙,User_384635423,3
柳叶熙,User_501649,3
柳叶熙,User_220973696,3
柳叶熙,User_1973090560,3
柳叶熙,User_102510365,3
柳叶熙,User_159064841,3
柳叶熙,User_472503992,3
柳叶熙,User_23323767,3
柳叶熙,User_3493085306685749,3
柳叶熙,User_87991096,3
柳叶熙,User_66766794,3
柳叶熙,User_176212100,3
柳叶熙,User_627869784,3
柳叶熙,User_485223822,3
柳叶熙,User_362008457,3
柳叶熙,User_38061405,3
柳叶熙,User_562510810,3
柳叶熙,User_2879894,3
柳叶熙,User_284832000,3
柳叶熙,User_9380956,3
柳叶熙,User_283088546,3
柳叶熙,User_245919301,3
柳叶熙,User_52915707,3
柳叶熙,User_77875009,3
柳叶熙,User_663451940,3
柳叶熙,User_68977553,3
柳叶熙,User_9197602,3
柳叶熙,User_2887811,3
柳叶熙,User_36181461,3
柳叶熙,User_424298183,3
柳叶熙,User_352616519,3
柳叶熙,User_24782737,3
柳叶熙,User_905440,3
柳叶熙,User_4546580,3
柳叶熙,User_20697594,3
柳叶熙,User_11127909,3
柳叶熙,User_250176463,3
柳叶熙,User_1513892420,3
柳叶熙,User_1618497573,3
柳叶熙,User_84741640,3
柳叶熙,User_251869717,3
柳叶熙,User_393124630,3
柳叶熙,User_311867136,3
柳叶熙,User_166248590,3
柳叶熙,User_6495038,3
柳叶熙,User_691410105,3
柳叶熙,User_2919248,3
柳叶熙,User_3493076767082496,3
柳叶熙,User_480749289,3
柳叶熙,User_2838240,3
柳叶熙,User_44419584,3
柳叶熙,User_486795461,3
柳叶熙,User_12839120,3
柳叶熙,User_384983021,3
柳叶熙,User_36445881,3
柳叶熙,User_330821393,3
柳叶熙,User_604593311,3
柳叶熙,User_383103290,3
柳叶熙,User_357277269,3
柳叶熙,User_1484994370,3
柳叶熙,User_443254134,3
柳叶熙,User_67242682,3
柳叶熙,User_588839367,3
柳叶熙,User_2380971,3
柳叶熙,User_3461581467813936,3
柳叶熙,User_221002968,3
柳叶熙,User_216913782,3
柳叶熙,User_439088293,3
柳叶熙,User_504882479,3
柳叶熙,User_194583953,3
柳叶熙,User_1648844331,3
柳叶熙,User_343304675,3
柳叶熙,User_109165637,3
柳叶熙,User_215299896,3
柳叶熙,User_470041034,3
柳叶熙,User_26730011,3
柳叶熙,User_361446474,3
柳叶熙,User_1874699902,3
柳叶熙,User_1093411327,3
柳叶熙,User_382333488,3
柳叶熙,User_8827071,3
柳叶熙,User_416007209,3
柳叶熙,User_1544161888,3
柳叶熙,User_403485435,3
柳叶熙,User_1661483901,3
柳叶熙,User_401092635,3
柳叶熙,User_36553335,3
柳叶熙,User_514039210,3
柳叶熙,User_13997995,3
柳叶熙,User_47845,3
柳叶熙,User_10829997,3
柳叶熙,User_1880431700,3
柳叶熙,User_35277923,3
柳叶熙,User_353815876,3
柳叶熙,User_593703280,3
柳叶熙,User_242527407,3
柳叶熙,User_29214768,3
柳叶熙,User_2038972,3
柳叶熙,User_104848964,3
柳叶熙,User_805058,3
柳叶熙,User_488762037,3
柳叶熙,User_386324161,3
柳叶熙,User_11232128,3
柳叶熙,User_478386928,3
柳叶熙,User_356567735,3
柳叶熙,User_33323634,3
柳叶熙,User_371115407,3
柳叶熙,User_328356051,3
柳叶熙,User_344443546,3
柳叶熙,User_218417,3
柳叶熙,User_269382691,3
柳叶熙,User_19311349,3
柳叶熙,User_352364399,3
柳叶熙,User_426093644,3
柳叶熙,User_880939,3
柳叶熙,User_11167027,3
柳叶熙,User_187956194,3
柳叶熙,User_241790704,3
柳叶熙,User_259743121,3
柳叶熙,User_3125187,3
柳叶熙,User_337870615,3
柳叶熙,User_2215228,3
柳叶熙,User_513844649,3
柳叶熙,User_21646796,3
柳叶熙,User_26208668,3
柳叶熙,User_13488093,3
柳叶熙,User_24512039,3
柳叶熙,User_25598734,3
柳叶熙,User_28616264,3
柳叶熙,User_20681410,3
柳叶熙,User_2594074,3
柳叶熙,User_7752177,3
柳叶熙,User_290071643,3
柳叶熙,User_2700315,3
柳叶熙,User_701770387,3
柳叶熙,User_6177782,3
柳叶熙,User_236164822,3
柳叶熙,User_1871914588,3
柳叶熙,User_510939587,3
柳叶熙,User_95905479,3
柳叶熙,User_512193271,3
柳叶熙,User_27222866,3
柳叶熙,User_129441125,3
柳叶熙,User_16278144,3
柳叶熙,User_480165553,3
柳叶熙,User_37642700,3
柳叶熙,User_456157362,3
柳叶熙,User_436818031,3
柳叶熙,User_15555648,3
柳叶熙,User_7240948,3
柳叶熙,User_628566218,3
柳叶熙,User_935824,3
柳叶熙,User_487503230,3
柳叶熙,User_344786796,3
柳叶熙,User_361431642,3
柳叶熙,User_3493082936903850,3
柳叶熙,User_28211387,3
柳叶熙,User_252927156,3
柳叶熙,User_1841215006,3
柳叶熙,User_341535049,3
柳叶熙,User_80089528,3
柳叶熙,User_42304182,3
柳叶熙,User_11623365,3
柳叶熙,User_7058367,3
柳叶熙,User_515954579,3
柳叶熙,User_33240848,3
柳叶熙,User_499894286,3
柳叶熙,User_13692347,3
柳叶熙,User_440717919,3
柳叶熙,User_77421609,3
柳叶熙,User_1962760,3
柳叶熙,User_405883066,3
柳叶熙,User_301718368,3
柳叶熙,User_13015226,3
柳叶熙,User_331510049,3
柳叶熙,User_272810347,3
柳叶熙,User_408654706,3
柳叶熙,User_85247540,3
柳叶熙,User_13126890,3
柳叶熙,User_44749863,3
柳叶熙,User_6363349,3
柳叶熙,User_29023125,3
柳叶熙,User_377944703,3
柳叶熙,User_8821115,3
柳叶熙,User_13727204,3
柳叶熙,User_33382874,3
柳叶熙,User_6340322,3
柳叶熙,User_32716629,3
柳叶熙,User_14809405,3
柳叶熙,User_97462288,3
柳叶熙,User_18996742,3
柳叶熙,User_369547,3
柳叶熙,User_1988606605,3
柳叶熙,User_82401165,3
柳叶熙,User_38470850,3
柳叶熙,User_631709630,3
柳叶熙,User_358824855,3
柳叶熙,User_10206324,3
柳叶熙,User_6869612,3
柳叶熙,User_1414354877,3
柳叶熙,User_14878925,3
柳叶熙,User_93831271,3
柳叶熙,User_671039,3
柳叶熙,User_400302563,3
柳叶熙,User_49793546,3
柳叶熙,User_10061534,3
柳叶熙,User_234554767,3
柳叶熙,User_293296710,3
柳叶熙,User_504448366,3
柳叶熙,User_3546376407354076,3
柳叶熙,User_251387141,3
柳叶熙,User_620295521,3
柳叶熙,User_121886936,3
柳叶熙,User_504292313,3
柳叶熙,User_25019570,3
柳叶熙,User_279279116,3
柳叶熙,User_363339727,3
柳叶熙,User_472614501,3
柳叶熙,User_6086579,3
柳叶熙,User_547124929,3
柳叶熙,User_30028034,3
柳叶熙,User_1657217331,3
柳叶熙,User_13910334,3
柳叶熙,User_11801883,3
初音未来,User_93652505,1
初音未来,User_140289595,1
初音未来,User_645181541,1
初音未来,User_26460167,1
初音未来,User_12072882,1
初音未来,User_438183444,1
初音未来,User_646994384,1
初音未来,User_109652307,1
初音未来,User_126054514,1
初音未来,User_5737197,1
初音未来,User_625264100,1
初音未来,User_413085134,1
初音未来,User_192304881,1
初音未来,User_347531991,1
初音未来,User_190970635,1
初音未来,User_382981553,1
初音未来,User_22177665,1
初音未来,User_273984655,1
初音未来,User_88155214,1
初音未来,User_172502325,1
初音未来,User_23392553,1
初音未来,User_1175160576,1
初音未来,User_226524293,1
初音未来,User_29834156,1
初音未来,User_193006350,1
初音未来,User_435746227,1
初音未来,User_482110822,1
初音未来,User_506355656,1
初音未来,User_26087874,1
初音未来,User_883280,1
初音未来,User_29994050,1
初音未来,User_477861287,1
初音未来,User_586932410,1
初音未来,User_429532391,1
初音未来,User_346924780,1
初音未来,User_616979981,1
初音未来,User_29328843,1
初音未来,User_32893252,1
初音未来,User_404890712,1
初音未来,User_1250179440,1
初音未来,User_53508927,1
初音未来,User_3175099,1
初音未来,User_246886201,1
初音未来,User_407502223,1
初音未来,User_17881004,1
初音未来,User_2221116,1
初音未来,User_679874,1
初音未来,User_1342893773,1
初音未来,User_1309818160,1
初音未来,User_379309988,1
初音未来,User_35197721,1
初音未来,User_39201819,1
初音未来,User_1707339557,1
初音未来,User_5524724,1
初音未来,User_215576,1
初音未来,User_363228080,1
初音未来,User_482479257,1
初音未来,User_298735382,1
初音未来,User_476987685,1
初音未来,User_291903985,1
初音未来,User_1152859364,1
初音未来,User_520157928,1
初音未来,User_88797265,1
初音未来,User_14279105,1
初音未来,User_480405524,1
初音未来,User_1398630,1
初音未来,User_4769015,1
初音未来,User_34654576,1
初音未来,User_425274160,1
初音未来,User_95793310,1
初音未来,User_502397,1
初音未来,User_56407864,1
初音未来,User_10883433,1
初音未来,User_2416637,1
初音未来,User_77327974,1
初音未来,User_284575514,1
初音未来,User_87864045,1
初音未来,User_513285256,1
初音未来,User_185798872,1
初音未来,User_470390642,1
初音未来,User_12445351,1
初音未来,User_526464222,1
初音未来,User_13460624,1
初音未来,User_338348183,1
初音未来,User_346334243,1
初音未来,User_127089783,1
初音未来,User_491830308,1
初音未来,User_10983,1
初音未来,User_508871253,1
初音未来,User_225536178,1
初音未来,User_21428997,1
初音未来,User_8312419,1
初音未来,User_49725057,1
初音未来,User_454907521,1
初音未来,User_51888023,1
初音未来,User_323390180,1
初音未来,User_85357443,1
初音未来,User_510936880,1
初音未来,User_429830955,1
初音未来,User_702252629,1
初音未来,User_26532078,1
初音未来,User_1582346816,1
初音未来,User_10566380,1
初音未来,User_167651433,1
初音未来,User_407185167,1
初音未来,User_414501087,1
初音未来,User_402204428,1
初音未来,User_155683,1
初音未来,User_483720311,1
初音未来,User_247168636,1
初音未来,User_305233395,1
初音未来,User_1895599648,1
初音未来,User_649955955,1
